{"schemaVersion":"1.0","appDefinitionTemplate":{"id":"/providers/Microsoft.PowerApps/apps/","type":"Microsoft.PowerApps/apps","tags":{"primaryDeviceWidth":"1366","primaryDeviceHeight":"768","sienaVersion":"20221026T130424Z-3.22102.32.0","deviceCapabilities":"","supportsPortrait":"false","supportsLandscape":"true","primaryFormFactor":"Tablet","publisherVersion":"3.22102.32","minimumRequiredApiVersion":"2.2.0","hasComponent":"true","hasUnlockedComponent":"true","isUnifiedRootApp":"false"},"properties":{"appVersion":"2022-10-26T13:04:24Z","lifeCycleId":"Published","createdByClientVersion":{"major":3,"minor":22102,"build":32,"revision":0,"majorRevision":0,"minorRevision":0},"minClientVersion":{"major":3,"minor":22102,"build":32,"revision":0,"majorRevision":0,"minorRevision":0},"backgroundColor":"rgba(255, 255, 255, 1)","backgroundImageUri":"/617751802687022740/N886b331a-afeb-4761-a13c-59e58c392e9e-logoSmallFile","displayName":"Expo_2023","description":"Your One-Stop-Shop for all things P20 Back to School!  See the agenda, browse the session catalog and add sessions to your schedule.","commitMessage":"","appUris":{"documentUri":{"value":"/617751802687022740/N373a6571-9067-4da6-a1ae-87de19cb5c4f-document.msapp"},"imageUris":[],"additionalUris":[]},"createdTime":"0001-01-01T00:00:00Z","lastModifiedTime":"0001-01-01T00:00:00Z","sharedGroupsCount":0,"sharedUsersCount":0,"icons":{"smallIconUri":"/617751802687022740/N88d82248-5b90-44ff-b426-704c12d43da8-small.png","mediumIconUri":"/617751802687022740/N2e356840-f57f-4057-b90f-7200d5f5ab63-medium.png","largeIconUri":"/617751802687022740/Nf983fc0d-21e7-4ab2-9f2a-84fe7e95710c-large.png","wideIconUri":"/617751802687022740/Nb66a2e00-c21f-48c1-84fd-730311667921-wide.png"},"connectionReferences":{"d80f322f-4d16-4bcc-b82a-4b3c90fdf730":{"id":"781ef39a-1f59-454b-babf-37c2b3f715b5","displayName":"Office 365 Outlook","iconUri":"https://connectoricons-prod.azureedge.net/releases/v1.0.1599/1.0.1599.3017/office365/icon.png","dataSources":["Office365Outlook"],"dependencies":[],"dependents":[],"parameterHints":{},"parameterHintsV2":{},"isOnPremiseConnection":false,"bypassConsent":false,"dataSets":{},"apiTier":"Standard","isCustomApiConnection":false,"actions":["SendEmailV2"]},"60e6378f-ac77-46d4-8ad5-926fbfcae90b":{"id":"aae052fa-5962-4cba-9444-3a86e8f61676","displayName":"SharePoint","iconUri":"https://connectoricons-prod.azureedge.net/releases/v1.0.1601/1.0.1601.3047/sharepointonline/icon.png","dataSources":["Expo_Agenda","Expo_Registrations","Expo_Schedules","Expo_Sessions","Expo_Speakers","Expo_Venues","Expo_FAQ","Expo_Video_hub"],"dependencies":[],"dependents":[],"parameterHints":{},"parameterHintsV2":{},"isOnPremiseConnection":false,"bypassConsent":false,"dataSets":{"https://abfoods.sharepoint.com/sites/bsu-bsu-citeam":{"dataSources":{"Expo_Agenda":{"tableName":"4434bc5b-6201-4851-b20e-3a3762c1433e"},"Expo_Registrations":{"tableName":"76478c99-d7d2-4e91-8181-c1afbb1d0bd8"},"Expo_Schedules":{"tableName":"50240458-1085-481b-a025-4114e6ad8fce"},"Expo_Sessions":{"tableName":"f5bc7605-862f-4f2c-ac09-5951e9594587"},"Expo_Speakers":{"tableName":"edb35ffb-bb56-43b1-b039-0e39690d50da"},"Expo_Venues":{"tableName":"9062a391-577b-4922-b399-a4408f0d9f5a"},"Expo_FAQ":{"tableName":"3f46b0fb-2999-49b6-a52d-96f7fa494d55"},"Expo_Video_hub":{"tableName":"03bf42de-237b-4271-b3e3-3d7ec4adb193"}}}},"apiTier":"Standard","isCustomApiConnection":false,"actions":["providers/PowerPlatform.Governance/Operations/Read"]},"d09b47a5-e4da-4a6e-9e7b-66848b20aad3":{"id":"2e63d2af-843c-4019-9645-9f691252a7ff","displayName":"Office 365 Users","iconUri":"https://connectoricons-prod.azureedge.net/releases/v1.0.1593/1.0.1593.2980/office365users/icon.png","dataSources":["Office365Users"],"dependencies":[],"dependents":[],"parameterHints":{},"parameterHintsV2":{},"isOnPremiseConnection":false,"bypassConsent":false,"dataSets":{},"apiTier":"Standard","isCustomApiConnection":false}},"authorizationReferences":[{"resourceId":"microsoftstream"}],"databaseReferences":{},"almMode":"Environment","performanceOptimizationEnabled":true,"canConsumeAppPass":true,"enableModernRuntimeMode":false,"executionRestrictions":{"isTeamsOnly":false,"dataLossPreventionEvaluationResult":{"status":"Compliant","lastEvaluationDate":"2022-10-15T00:06:59.2528492Z","violations":[],"violationsByPolicy":[],"violationErrorMessage":"The app uses the following connectors: ."}}},"appType":"ClassicCanvasApp","appComponents":[]}}